ID,Date
1884733860,2021-04-07
1884734363,2021-04-07
1884726040,2021-04-07
1884742688,2021-04-07
1884743252,2021-04-06
1884743161,2021-04-06
1884743425,2021-04-06
1884743421,2021-04-06
1884743657,2021-04-06
1884743521,2021-04-06
1884743204,2021-04-06
1884742656,2021-04-06
1884742777,2021-04-06
1884743254,2021-04-06
1884742810,2021-04-06
1884695729,2021-04-06
1884743311,2021-04-06
1884742825,2021-04-06
1884743448,2021-04-06
1884742944,2021-04-06
1884742761,2021-04-06
1884677649,2021-04-06
1884743030,2021-04-06
1884743092,2021-04-06
1884742955,2021-04-06
1884742862,2021-04-06
1884743178,2021-04-06
1884743396,2021-04-06
1884743131,2021-04-06
1884742992,2021-04-06
1884742969,2021-04-06
1884743672,2021-04-06
1884743035,2021-04-06
1884742539,2021-04-06
1884742703,2021-04-06
1884743446,2021-04-06
1884743622,2021-04-06
1884743318,2021-04-06
1884742898,2021-04-06
1884743135,2021-04-06
1884743629,2021-04-06
1884743295,2021-04-06
1884742754,2021-04-06
1884742839,2021-04-06
1884743276,2021-04-06
1884743494,2021-04-06
1884742868,2021-04-06
1884705391,2021-04-06
1884743737,2021-04-06
1884742625,2021-04-06
1884743047,2021-04-06
1884743202,2021-04-06
1884742850,2021-04-06
1884742804,2021-04-06
1884743112,2021-04-06
1884742981,2021-04-06
1884743198,2021-04-06
1884742623,2021-04-06
1884742738,2021-04-06
1884743436,2021-04-06
1884743711,2021-04-06
1884743470,2021-04-06
1884743719,2021-04-06
1884743587,2021-04-06
1884742964,2021-04-06
1884742814,2021-04-06
1884743256,2021-04-06
1884742817,2021-04-06
1884742748,2021-04-06
1884743718,2021-04-06
1884743557,2021-04-06
1884742843,2021-04-06
1884698053,2021-04-06
1884742957,2021-04-06
1884743613,2021-04-06
1884742714,2021-04-06
1884743432,2021-04-06
1884742331,2021-04-05
1884741582,2021-04-05
1884741590,2021-04-05
1884741759,2021-04-05
1884699453,2021-04-05
1884714307,2021-04-05
1884661236,2021-04-05
1884741931,2021-04-05
1884742469,2021-04-05
1884741999,2021-04-05
1884742556,2021-04-05
1884742274,2021-04-05
1884742173,2021-04-05
1884742517,2021-04-05
1884742219,2021-04-05
1884742293,2021-04-05
1884742581,2021-04-05
1884742409,2021-04-05
1884741705,2021-04-05
1884742066,2021-04-05
1884742572,2021-04-05
1884741578,2021-04-05
1884742007,2021-04-05
1884742536,2021-04-05
1884741557,2021-04-05
1884741823,2021-04-05
1884707790,2021-04-05
1884741751,2021-04-05
1884741661,2021-04-05
1884741902,2021-04-05
1884742209,2021-04-05
1884742316,2021-04-05
1884742260,2021-04-05
1884742012,2021-04-05
1884741657,2021-04-05
1884741654,2021-04-05
1884742462,2021-04-05
1884741745,2021-04-05
1884741898,2021-04-05
1884742440,2021-04-05
1884742016,2021-04-05
1884741812,2021-04-05
1884659890,2021-04-05
1884684982,2021-04-05
1884644870,2021-04-05
1884741561,2021-04-05
1884741756,2021-04-05
1884742368,2021-04-05
1884742596,2021-04-05
1884742038,2021-04-05
1884741624,2021-04-05
1884742521,2021-04-05
1884741943,2021-04-05
1884742122,2021-04-05
1884741688,2021-04-05
1884742039,2021-04-05
1884741916,2021-04-05
1884675343,2021-04-05
1884741864,2021-04-05
1884742220,2021-04-05
1884742484,2021-04-05
1884742121,2021-04-05
1884632025,2021-04-05
1884742538,2021-04-05
1884742315,2021-04-05
1884741649,2021-04-05
1884742512,2021-04-05
1884741895,2021-04-05
1884742134,2021-04-05
1884742560,2021-04-05
1884741950,2021-04-05
1884742127,2021-04-05
1884741868,2021-04-05
1884742366,2021-04-05
1884742334,2021-04-05
1884632001,2021-04-05
1884742371,2021-04-05
1884742167,2021-04-05
1884741832,2021-04-05
1884741824,2021-04-05
1884741836,2021-04-05
1884741530,2021-04-04
1884741537,2021-04-04
1884741482,2021-04-04
1884741466,2021-04-04
1884300649,2021-04-04
1884683315,2021-04-04
1884741536,2021-04-04
1884741464,2021-04-04
1884741398,2021-04-03
1884741359,2021-04-03
1884741325,2021-04-02
1884741332,2021-04-02
1884741321,2021-04-02
1884684438,2021-04-01
1884741217,2021-04-01
1884741238,2021-04-01
1884741270,2021-04-01
1884741271,2021-04-01
1884741220,2021-04-01
1884702720,2021-03-31
1884741038,2021-03-31
1884741136,2021-03-31
1884740441,2021-03-31
1884740730,2021-03-31
1884740450,2021-03-31
1884739704,2021-03-31
1884740986,2021-03-31
1884740706,2021-03-31
1884740677,2021-03-31
1884741203,2021-03-31
1884740936,2021-03-31
1884740868,2021-03-31
1884740593,2021-03-31
1884740866,2021-03-31
1884740584,2021-03-31
1884741132,2021-03-31
1884740675,2021-03-31
1884740978,2021-03-31
1884740871,2021-03-31
1884740857,2021-03-31
1884693907,2021-03-31
1884741076,2021-03-31
1884741120,2021-03-31
1884740476,2021-03-31
1884740605,2021-03-31
1884740618,2021-03-31
1884712047,2021-03-31
1884741202,2021-03-31
1884740431,2021-03-31
1884740934,2021-03-31
1884740970,2021-03-31
1884737346,2021-03-31
1884677844,2021-03-31
1884740888,2021-03-31
1884740617,2021-03-31
1884741032,2021-03-31
1884740713,2021-03-31
1884740606,2021-03-31
1884740440,2021-03-31
1884741096,2021-03-31
1884740451,2021-03-31
1884741060,2021-03-31
1884740808,2021-03-31
1884740802,2021-03-31
1884739635,2021-03-30
1884740110,2021-03-30
1884739870,2021-03-30
1884740138,2021-03-30
1884696797,2021-03-30
1884739598,2021-03-30
1884739462,2021-03-30
1884739572,2021-03-30
1884739624,2021-03-30
1884740302,2021-03-30
1884740216,2021-03-30
1884739979,2021-03-30
1884739848,2021-03-30
1884739475,2021-03-30
1884739998,2021-03-30
1884740185,2021-03-30
1884739530,2021-03-30
1884739533,2021-03-30
1884739336,2021-03-30
1884739445,2021-03-30
1884739891,2021-03-30
1884739854,2021-03-30
1884740314,2021-03-30
1884740287,2021-03-30
1884740106,2021-03-30
1884739400,2021-03-30
1884740258,2021-03-30
1884740318,2021-03-30
1884739459,2021-03-30
1884739865,2021-03-30
1884739406,2021-03-30
1884739769,2021-03-30
1884739746,2021-03-30
1884740062,2021-03-30
1884739611,2021-03-30
1884739967,2021-03-30
1884740222,2021-03-30
1884739909,2021-03-30
1884738998,2021-03-30
1884739897,2021-03-30
1884740129,2021-03-30
1884740295,2021-03-30
1884740134,2021-03-30
1884739945,2021-03-30
1884739405,2021-03-30
1884740147,2021-03-30
1884739429,2021-03-30
1884739776,2021-03-30
1884740101,2021-03-30
1884740275,2021-03-30
1884739778,2021-03-30
1884740244,2021-03-30
1884740272,2021-03-30
1884739483,2021-03-30
1884739731,2021-03-30
1884740013,2021-03-30
1884705479,2021-03-30
1884739580,2021-03-30
1884739890,2021-03-30
1884740294,2021-03-30
1884739337,2021-03-30
1884739344,2021-03-30
1884739712,2021-03-30
1884739543,2021-03-30
1884740218,2021-03-30
1884739482,2021-03-30
1884739345,2021-03-30
1884740050,2021-03-30
1884739375,2021-03-30
1884740096,2021-03-30
1884738240,2021-03-29
1884738549,2021-03-29
1884539643,2021-03-29
1884739223,2021-03-29
1884739068,2021-03-29
1884738251,2021-03-29
1884738684,2021-03-29
1884739213,2021-03-29
1884739083,2021-03-29
1884738532,2021-03-29
1884738379,2021-03-29
1884739203,2021-03-29
1884708587,2021-03-29
1884738603,2021-03-29
1884739179,2021-03-29
1884738757,2021-03-29
1884738665,2021-03-29
1884739166,2021-03-29
1884739109,2021-03-29
1884738340,2021-03-29
1884739040,2021-03-29
1884738805,2021-03-29
1884739207,2021-03-29
1884738180,2021-03-29
1884738908,2021-03-29
1884738770,2021-03-29
1884739201,2021-03-29
1884739013,2021-03-29
1884738184,2021-03-29
1884738331,2021-03-29
1884595907,2021-03-29
1884739027,2021-03-29
1884738596,2021-03-29
1884738535,2021-03-29
1884739071,2021-03-29
1884425128,2021-03-29
1884738403,2021-03-29
1884714014,2021-03-29
1884738833,2021-03-29
1884738736,2021-03-29
1884731325,2021-03-29
1884665663,2021-03-29
1884739045,2021-03-29
1884739061,2021-03-29
1884711556,2021-03-29
1884739087,2021-03-29
1884738773,2021-03-29
1884738929,2021-03-29
1884679069,2021-03-29
1884738727,2021-03-29
1884738993,2021-03-29
1884738632,2021-03-29
1884738804,2021-03-29
1884739042,2021-03-29
1884739073,2021-03-29
1884739158,2021-03-29
1884712096,2021-03-29
1884738332,2021-03-29
1884706004,2021-03-29
1884739265,2021-03-29
1884738071,2021-03-28
1884738091,2021-03-28
1884738085,2021-03-28
1884737858,2021-03-27
1884737908,2021-03-27
1884737845,2021-03-27
1884737881,2021-03-27
1884737871,2021-03-27
1884737528,2021-03-26
1884737680,2021-03-26
1884737275,2021-03-26
1884737362,2021-03-26
1884737315,2021-03-26
1884737641,2021-03-26
1884736841,2021-03-26
1884735500,2021-03-26
1884737383,2021-03-26
1884737081,2021-03-26
1884737771,2021-03-26
1884737677,2021-03-26
1884737514,2021-03-26
1884736804,2021-03-26
1884736715,2021-03-26
1884737084,2021-03-26
1884737754,2021-03-26
1884736859,2021-03-26
1884736777,2021-03-26
1884737545,2021-03-26
1884736790,2021-03-26
1884736691,2021-03-26
1884683468,2021-03-26
1884736811,2021-03-26
1884737229,2021-03-26
1884737331,2021-03-26
1884737397,2021-03-26
1884737692,2021-03-26
1884736948,2021-03-26
1884737332,2021-03-26
1884737642,2021-03-26
1884737005,2021-03-26
1884737354,2021-03-26
1884737676,2021-03-26
1884737139,2021-03-26
1884737222,2021-03-26
1884737646,2021-03-26
1884737106,2021-03-26
1884736965,2021-03-26
1884736795,2021-03-26
1884736728,2021-03-26
1884737353,2021-03-26
1884737520,2021-03-26
1884736968,2021-03-26
1884736675,2021-03-26
1884737072,2021-03-26
1884737224,2021-03-26
1884737329,2021-03-26
1884737157,2021-03-26
1884737230,2021-03-26
1884710240,2021-03-26
1884659695,2021-03-26
1884737605,2021-03-26
1884737351,2021-03-26
1884736699,2021-03-26
1884736678,2021-03-26
1884736821,2021-03-26
1884736676,2021-03-26
1884737233,2021-03-26
1884736906,2021-03-26
1884737744,2021-03-26
1884737087,2021-03-26
1884737032,2021-03-26
1884737760,2021-03-26
1884620720,2021-03-26
1884737094,2021-03-26
1884737419,2021-03-26
1884737267,2021-03-26
1884736755,2021-03-26
1884736870,2021-03-26
1884736959,2021-03-26
1884736779,2021-03-26
1884737631,2021-03-26
1884737368,2021-03-26
1884737056,2021-03-26
1884737180,2021-03-26
1884737724,2021-03-26
1884737765,2021-03-26
1884736586,2021-03-25
1884736544,2021-03-25
1884735838,2021-03-25
1884736665,2021-03-25
1884736399,2021-03-25
1884736610,2021-03-25
1884691670,2021-03-25
1884736546,2021-03-25
1884707708,2021-03-25
1884736475,2021-03-25
1884735844,2021-03-25
1884736585,2021-03-25
1884736062,2021-03-25
1884735560,2021-03-25
1884735809,2021-03-25
1884735706,2021-03-25
1884736269,2021-03-25
1884735836,2021-03-25
1884736142,2021-03-25
1884735917,2021-03-25
1884735909,2021-03-25
1884736169,2021-03-25
1884736184,2021-03-25
1884736383,2021-03-25
1884735964,2021-03-25
1884735757,2021-03-25
1884735904,2021-03-25
1884708253,2021-03-25
1884736090,2021-03-25
1884623461,2021-03-25
1884555478,2021-03-25
1884736314,2021-03-25
1884735911,2021-03-25
1884736382,2021-03-25
1884736194,2021-03-25
1884735611,2021-03-25
1884736200,2021-03-25
1884735762,2021-03-25
1884736616,2021-03-25
1884736539,2021-03-25
1884736507,2021-03-25
1884736453,2021-03-25
1884736279,2021-03-25
1884735914,2021-03-25
1884736479,2021-03-25
1884689044,2021-03-25
1884631535,2021-03-25
1884735834,2021-03-25
1884736510,2021-03-25
1884735717,2021-03-25
1884735865,2021-03-25
1884735922,2021-03-25
1884735702,2021-03-25
1884735628,2021-03-25
1884735974,2021-03-25
1884736385,2021-03-25
1884736380,2021-03-25
1884735932,2021-03-25
1884736083,2021-03-25
1884735138,2021-03-24
1884734985,2021-03-24
1884735051,2021-03-24
1884734850,2021-03-24
1884734491,2021-03-24
1884735377,2021-03-24
1884671373,2021-03-24
1884734938,2021-03-24
1884704963,2021-03-24
1884735383,2021-03-24
1884735053,2021-03-24
1884735014,2021-03-24
1884735095,2021-03-24
1884734828,2021-03-24
1884734413,2021-03-24
1884734807,2021-03-24
1884734554,2021-03-24
1884734723,2021-03-24
1884735198,2021-03-24
1884733514,2021-03-24
1884734441,2021-03-24
1884734380,2021-03-24
1884735181,2021-03-24
1884703298,2021-03-24
1884703671,2021-03-24
1884734603,2021-03-24
1884735228,2021-03-24
1884734966,2021-03-24
1884734796,2021-03-24
1884734925,2021-03-24
1884200064,2021-03-24
1884572739,2021-03-24
1884735084,2021-03-24
1884734449,2021-03-24
1884735226,2021-03-24
1884735204,2021-03-24
1884734469,2021-03-24
1884734812,2021-03-24
1884734946,2021-03-24
1884734462,2021-03-24
1884649430,2021-03-24
1884675819,2021-03-24
1884735078,2021-03-24
1884735281,2021-03-24
1884716783,2021-03-24
1884734508,2021-03-24
1884735372,2021-03-24
1884734506,2021-03-24
1884734845,2021-03-24
1884735121,2021-03-24
1884734728,2021-03-24
1884734457,2021-03-24
1884730457,2021-03-24
1884735049,2021-03-24
1884734788,2021-03-24
1884734929,2021-03-24
1884734369,2021-03-24
1884735222,2021-03-24
1884735122,2021-03-24
1884734451,2021-03-24
1884735368,2021-03-24
1884734536,2021-03-24
1884734545,2021-03-24
1884735268,2021-03-24
1884734927,2021-03-24
1884734443,2021-03-24
1884708032,2021-03-24
1884735074,2021-03-24
1884734372,2021-03-24
1884734434,2021-03-24
1884735164,2021-03-24
1884735068,2021-03-24
1884734535,2021-03-24
1884735001,2021-03-24
1884735047,2021-03-24
1884734950,2021-03-24
1884734328,2021-03-24
1884735262,2021-03-24
1884735288,2021-03-24
1884733920,2021-03-23
1884733542,2021-03-23
1884705935,2021-03-23
1884734187,2021-03-23
1884733309,2021-03-23
1884733272,2021-03-23
1884734153,2021-03-23
1884734234,2021-03-23
1884733140,2021-03-23
1884704006,2021-03-23
1884733348,2021-03-23
1884733697,2021-03-23
1884733162,2021-03-23
1884733168,2021-03-23
1884733270,2021-03-23
1884733805,2021-03-23
1884733769,2021-03-23
1884734034,2021-03-23
1884733414,2021-03-23
1884733410,2021-03-23
1884734244,2021-03-23
1884703884,2021-03-23
1884733628,2021-03-23
1884733381,2021-03-23
1884733213,2021-03-23
1884733917,2021-03-23
1884734049,2021-03-23
1884734217,2021-03-23
1884734208,2021-03-23
1884669020,2021-03-23
1884734257,2021-03-23
1884734245,2021-03-23
1884734038,2021-03-23
1884704075,2021-03-23
1884733161,2021-03-23
1884733273,2021-03-23
1884734184,2021-03-23
1884733325,2021-03-23
1884734307,2021-03-23
1884733208,2021-03-23
1884733755,2021-03-23
1884734301,2021-03-23
1884733242,2021-03-23
1884734055,2021-03-23
1884494073,2021-03-23
1884733583,2021-03-23
1884733215,2021-03-23
1884734046,2021-03-23
1884649435,2021-03-23
1884733339,2021-03-23
1884734063,2021-03-23
1884733247,2021-03-23
1884734030,2021-03-23
1884733423,2021-03-23
1884733794,2021-03-23
1884734237,2021-03-23
1884733276,2021-03-23
1884733504,2021-03-23
1884733255,2021-03-23
1884733919,2021-03-23
1884734199,2021-03-23
1884734037,2021-03-23
1884734016,2021-03-23
1884733708,2021-03-23
1884734009,2021-03-23
1884734143,2021-03-23
1884733956,2021-03-23
1884734071,2021-03-23
1884734007,2021-03-23
1884733042,2021-03-22
1884733056,2021-03-22
1884732997,2021-03-22
1884732911,2021-03-21
1884732879,2021-03-20
1884732878,2021-03-20
1884701483,2021-03-20
1884732805,2021-03-20
1884732792,2021-03-20
1884732436,2021-03-19
1884731852,2021-03-19
1884732561,2021-03-19
1884731824,2021-03-19
1884732297,2021-03-19
1884732344,2021-03-19
1884732492,2021-03-19
1884732277,2021-03-19
1884732225,2021-03-19
1884732307,2021-03-19
1884732554,2021-03-19
1884732248,2021-03-19
1884732158,2021-03-19
1884731762,2021-03-19
1884732111,2021-03-19
1884732392,2021-03-19
1884732145,2021-03-19
1884732220,2021-03-19
1884732646,2021-03-19
1884732180,2021-03-19
1884732337,2021-03-19
1884732535,2021-03-19
1884732137,2021-03-19
1884731627,2021-03-19
1883983004,2021-03-19
1884454072,2021-03-19
1884732417,2021-03-19
1884731618,2021-03-19
1884732366,2021-03-19
1884732127,2021-03-19
1884731902,2021-03-19
1884732113,2021-03-19
1884408140,2021-03-19
1884731804,2021-03-19
1884731968,2021-03-19
1884732130,2021-03-19
1884732587,2021-03-19
1884732208,2021-03-19
1884732141,2021-03-19
1884732168,2021-03-19
1884697865,2021-03-19
1884732098,2021-03-19
1884732142,2021-03-19
1884731667,2021-03-19
1884731858,2021-03-19
1884732530,2021-03-19
1884732235,2021-03-19
1884732568,2021-03-19
1884732139,2021-03-19
1884732340,2021-03-19
1884731809,2021-03-19
1884732612,2021-03-19
1884731716,2021-03-19
1884732019,2021-03-19
1884732086,2021-03-19
1884732093,2021-03-19
1884732575,2021-03-19
1884732377,2021-03-19
1884732094,2021-03-19
1884732088,2021-03-19
1884731755,2021-03-19
1884732159,2021-03-19
1884732407,2021-03-19
1884732560,2021-03-19
1884732229,2021-03-19
1884732084,2021-03-19
1884732106,2021-03-19
1884732176,2021-03-19
1884732458,2021-03-19
1884732521,2021-03-19
1884732177,2021-03-19
1884732089,2021-03-19
1884732652,2021-03-19
1884731987,2021-03-19
1884732151,2021-03-19
1884732286,2021-03-19
1884732429,2021-03-19
1884732545,2021-03-19
1884732238,2021-03-19
1884732131,2021-03-19
1884732099,2021-03-19
1884732214,2021-03-19
1883976565,2021-03-19
1884732173,2021-03-19
1884732170,2021-03-19
1884731675,2021-03-19
1884732230,2021-03-19
1884732292,2021-03-19
1884732197,2021-03-19
1884732243,2021-03-19
1884732289,2021-03-19
1884732201,2021-03-19
1884732129,2021-03-19
1884732186,2021-03-19
1884732553,2021-03-19
1884732284,2021-03-19
1884732124,2021-03-19
1884731248,2021-03-18
1884731005,2021-03-18
1884731059,2021-03-18
1884730571,2021-03-18
1884731480,2021-03-18
1884731399,2021-03-18
1884730785,2021-03-18
1884726731,2021-03-18
1884730828,2021-03-18
1884731158,2021-03-18
1884730588,2021-03-18
1884731020,2021-03-18
1884731146,2021-03-18
1884731075,2021-03-18
1884730929,2021-03-18
1884730584,2021-03-18
1884674932,2021-03-18
1884731413,2021-03-18
1884731488,2021-03-18
1884731346,2021-03-18
1884717905,2021-03-18
1884731459,2021-03-18
1884730595,2021-03-18
1884729322,2021-03-18
1884731168,2021-03-18
1884730740,2021-03-18
1884731028,2021-03-18
1884730573,2021-03-18
1884730845,2021-03-18
1884730943,2021-03-18
1884731335,2021-03-18
1884731254,2021-03-18
1884730966,2021-03-18
1884731267,2021-03-18
1884730641,2021-03-18
1884731264,2021-03-18
1884728163,2021-03-18
1884731436,2021-03-18
1884730760,2021-03-18
1884731527,2021-03-18
1884730986,2021-03-18
1884731351,2021-03-18
1884730883,2021-03-18
1884730616,2021-03-18
1884731379,2021-03-18
1884731110,2021-03-18
1884731456,2021-03-18
1884731317,2021-03-18
1884730935,2021-03-18
1884680265,2021-03-18
1884730955,2021-03-18
1884730653,2021-03-18
1884731451,2021-03-18
1884731113,2021-03-18
1884730904,2021-03-18
1884731427,2021-03-18
1884731051,2021-03-18
1884730978,2021-03-18
1884730754,2021-03-18
1884730631,2021-03-18
1884731332,2021-03-18
1884699353,2021-03-18
1884730437,2021-03-17
1884730486,2021-03-17
1884729517,2021-03-17
1884730077,2021-03-17
1884646000,2021-03-17
1884729823,2021-03-17
1884729844,2021-03-17
1884730318,2021-03-17
1884730539,2021-03-17
1884729915,2021-03-17
1884730424,2021-03-17
1884730403,2021-03-17
1884730441,2021-03-17
1884730175,2021-03-17
1884730401,2021-03-17
1884729827,2021-03-17
1884730159,2021-03-17
1884729696,2021-03-17
1884729870,2021-03-17
1884730534,2021-03-17
1884729988,2021-03-17
1884729336,2021-03-17
1884730541,2021-03-17
1884730035,2021-03-17
1884730165,2021-03-17
1884730391,2021-03-17
1884729495,2021-03-17
1884730262,2021-03-17
1884729749,2021-03-17
1884729387,2021-03-17
1884730078,2021-03-17
1884730011,2021-03-17
1884730149,2021-03-17
1884730322,2021-03-17
1884730545,2021-03-17
1884730181,2021-03-17
1884730215,2021-03-17
1884730026,2021-03-17
1884730270,2021-03-17
1884729970,2021-03-17
1884730432,2021-03-17
1884729337,2021-03-17
1884729539,2021-03-17
1884730007,2021-03-17
1884730493,2021-03-17
1884730114,2021-03-17
1884729512,2021-03-17
1884730285,2021-03-17
1884729817,2021-03-17
1884729612,2021-03-17
1884729996,2021-03-17
1884729316,2021-03-17
1884729328,2021-03-17
1884729594,2021-03-17
1884729991,2021-03-17
1884729326,2021-03-17
1884730044,2021-03-17
1884729550,2021-03-17
1884729994,2021-03-17
1884729953,2021-03-17
1884730342,2021-03-17
1884730022,2021-03-17
1884729984,2021-03-17
1884729958,2021-03-17
1884729323,2021-03-17
1884730411,2021-03-17
1884730332,2021-03-17
1884730189,2021-03-17
1884729686,2021-03-17
1884729530,2021-03-17
1884730109,2021-03-17
1884730043,2021-03-17
1884730533,2021-03-17
1884730314,2021-03-17
1884729989,2021-03-17
1884728687,2021-03-16
1884701591,2021-03-16
1884728197,2021-03-16
1884728338,2021-03-16
1884728751,2021-03-16
1884729263,2021-03-16
1884697883,2021-03-16
1884701529,2021-03-16
1884728848,2021-03-16
1884728685,2021-03-16
1884728540,2021-03-16
1884701550,2021-03-16
1884728395,2021-03-16
1884728158,2021-03-16
1884729273,2021-03-16
1884728709,2021-03-16
1884701505,2021-03-16
1884729101,2021-03-16
1884728195,2021-03-16
1884728217,2021-03-16
1884729077,2021-03-16
1884728084,2021-03-16
1884701560,2021-03-16
1884728278,2021-03-16
1884729089,2021-03-16
1884728214,2021-03-16
1884728207,2021-03-16
1884728515,2021-03-16
1884728653,2021-03-16
1884728160,2021-03-16
1884728666,2021-03-16
1884728931,2021-03-16
1884729202,2021-03-16
1884729151,2021-03-16
1884728489,2021-03-16
1884728240,2021-03-16
1884701603,2021-03-16
1884728641,2021-03-16
1884728565,2021-03-16
1884728570,2021-03-16
1884729072,2021-03-16
1884701569,2021-03-16
1884728129,2021-03-16
1884728574,2021-03-16
1884729154,2021-03-16
1884728128,2021-03-16
1884683452,2021-03-16
1884729105,2021-03-16
1884728580,2021-03-16
1884729232,2021-03-16
1884728077,2021-03-16
1884729048,2021-03-16
1884728053,2021-03-16
1884728953,2021-03-16
1884701578,2021-03-16
1884715901,2021-03-15
1884727892,2021-03-15
1884727792,2021-03-15
1884726973,2021-03-15
1884726807,2021-03-15
1884727732,2021-03-15
1884727717,2021-03-15
1884727559,2021-03-15
1884727065,2021-03-15
1884727987,2021-03-15
1884728012,2021-03-15
1884727001,2021-03-15
1884726771,2021-03-15
1884727624,2021-03-15
1884727308,2021-03-15
1884726994,2021-03-15
1884727149,2021-03-15
1884727714,2021-03-15
1884670375,2021-03-15
1884727777,2021-03-15
1884726919,2021-03-15
1884727585,2021-03-15
1884727447,2021-03-15
1884727729,2021-03-15
1884727713,2021-03-15
1884727021,2021-03-15
1884726880,2021-03-15
1884696406,2021-03-15
1884726839,2021-03-15
1884727961,2021-03-15
1884727019,2021-03-15
1884727819,2021-03-15
1884701250,2021-03-15
1884727273,2021-03-15
1884727684,2021-03-15
1884727911,2021-03-15
1884727642,2021-03-15
1884727606,2021-03-15
1884727477,2021-03-15
1884726935,2021-03-15
1884727350,2021-03-15
1884727171,2021-03-15
1884727554,2021-03-15
1884727917,2021-03-15
1884726779,2021-03-15
1884726815,2021-03-15
1884727739,2021-03-15
1884726685,2021-03-15
1884727639,2021-03-15
1884727034,2021-03-15
1884726782,2021-03-15
1884727781,2021-03-15
1884727053,2021-03-15
1884727670,2021-03-15
1884727343,2021-03-15
1884726808,2021-03-15
1884725844,2021-03-15
1884727002,2021-03-15
1884634414,2021-03-15
1884727422,2021-03-15
1884727080,2021-03-15
1884727417,2021-03-15
1884727888,2021-03-15
1884726719,2021-03-14
1884726716,2021-03-14
1884726713,2021-03-14
1884726715,2021-03-14
1884726709,2021-03-14
1884726663,2021-03-14
1884726577,2021-03-13
1884726599,2021-03-13
1884688630,2021-03-13
1884726602,2021-03-13
1884726504,2021-03-13
1884726559,2021-03-13
1884726565,2021-03-13
1884688446,2021-03-13
1884726609,2021-03-13
1884725317,2021-03-12
1884725670,2021-03-12
1884726194,2021-03-12
1884726008,2021-03-12
1884725888,2021-03-12
1884725720,2021-03-12
1884725909,2021-03-12
1884726098,2021-03-12
1884725419,2021-03-12
1884725933,2021-03-12
1884726039,2021-03-12
1884697856,2021-03-12
1884726047,2021-03-12
1884726241,2021-03-12
1884726078,2021-03-12
1884725959,2021-03-12
1884726049,2021-03-12
1884724979,2021-03-12
1884725958,2021-03-12
1884726248,2021-03-12
1884725863,2021-03-12
1884726087,2021-03-12
1884726279,2021-03-12
1884724638,2021-03-12
1884725420,2021-03-12
1884726073,2021-03-12
1884726069,2021-03-12
1884725591,2021-03-12
1884726058,2021-03-12
1884725334,2021-03-12
1884726089,2021-03-12
1884725786,2021-03-12
1884726310,2021-03-12
1884489033,2021-03-12
1884726083,2021-03-12
1884725740,2021-03-12
1884725466,2021-03-12
1884726286,2021-03-12
1884726161,2021-03-12
1884725430,2021-03-12
1884725615,2021-03-12
1884725573,2021-03-12
1884726180,2021-03-12
1884725756,2021-03-12
1884725935,2021-03-12
1884725966,2021-03-12
1884725689,2021-03-12
1884726160,2021-03-12
1884726302,2021-03-12
1884726075,2021-03-12
1884547178,2021-03-12
1884726214,2021-03-12
1884725432,2021-03-12
1884725554,2021-03-12
1884726131,2021-03-12
1884724270,2021-03-11
1884724868,2021-03-11
1884724471,2021-03-11
1884725217,2021-03-11
1884725137,2021-03-11
1884725007,2021-03-11
1884724564,2021-03-11
1884724625,2021-03-11
1884724494,2021-03-11
1884724336,2021-03-11
1884725104,2021-03-11
1884724703,2021-03-11
1884724380,2021-03-11
1884724353,2021-03-11
1884725140,2021-03-11
1884724936,2021-03-11
1884724771,2021-03-11
1884724689,2021-03-11
1884725253,2021-03-11
1884725157,2021-03-11
1884724892,2021-03-11
1884724277,2021-03-11
1884725090,2021-03-11
1884725259,2021-03-11
1884724340,2021-03-11
1884724482,2021-03-11
1884724265,2021-03-11
1884724464,2021-03-11
1884724623,2021-03-11
1884724523,2021-03-11
1884724669,2021-03-11
1884724453,2021-03-11
1884724446,2021-03-11
1884724476,2021-03-11
1884724504,2021-03-11
1884724718,2021-03-11
1884725107,2021-03-11
1884725032,2021-03-11
1884721379,2021-03-11
1884724284,2021-03-11
1884725270,2021-03-11
1884724795,2021-03-11
1884724834,2021-03-11
1884725251,2021-03-11
1884724479,2021-03-11
1884725167,2021-03-11
1884724746,2021-03-11
1884724566,2021-03-11
1884724855,2021-03-11
1884724333,2021-03-11
1884724469,2021-03-11
1884724585,2021-03-11
1884724499,2021-03-11
1884724728,2021-03-11
1884724876,2021-03-11
1884725056,2021-03-11
1884724727,2021-03-11
1884722192,2021-03-11
1884725045,2021-03-11
1884724491,2021-03-11
1884725058,2021-03-11
1884725275,2021-03-11
1884724506,2021-03-11
1884724323,2021-03-11
1884724357,2021-03-11
1884724953,2021-03-11
1884724406,2021-03-11
1884724883,2021-03-11
1884723216,2021-03-10
1884723981,2021-03-10
1884723381,2021-03-10
1884666276,2021-03-10
1884724029,2021-03-10
1884723223,2021-03-10
1884723271,2021-03-10
1884723920,2021-03-10
1884723712,2021-03-10
1884723219,2021-03-10
1884723231,2021-03-10
1884685567,2021-03-10
1884723860,2021-03-10
1884723200,2021-03-10
1884723840,2021-03-10
1884723714,2021-03-10
1884724099,2021-03-10
1884723843,2021-03-10
1884723532,2021-03-10
1884724003,2021-03-10
1884723553,2021-03-10
1884723336,2021-03-10
1884723217,2021-03-10
1884724121,2021-03-10
1884724116,2021-03-10
1884723718,2021-03-10
1884723332,2021-03-10
1884723708,2021-03-10
1884724139,2021-03-10
1884723224,2021-03-10
1884676627,2021-03-10
1884723355,2021-03-10
1884723738,2021-03-10
1884723186,2021-03-10
1884723089,2021-03-10
1884476675,2021-03-10
1884723120,2021-03-10
1884723623,2021-03-10
1884724019,2021-03-10
1884724182,2021-03-10
1884684917,2021-03-10
1884723838,2021-03-10
1884723686,2021-03-10
1884723808,2021-03-10
1884724115,2021-03-10
1884723453,2021-03-10
1884723136,2021-03-10
1884723625,2021-03-10
1884723503,2021-03-10
1884724088,2021-03-10
1884723898,2021-03-10
1884724004,2021-03-10
1884723737,2021-03-10
1884724093,2021-03-10
1884723725,2021-03-10
1884723813,2021-03-10
1884723909,2021-03-10
1884724132,2021-03-10
1884724011,2021-03-10
1884724118,2021-03-10
1884724070,2021-03-10
1884723420,2021-03-10
1884723877,2021-03-10
1884722704,2021-03-09
1884722041,2021-03-09
1884722334,2021-03-09
1884722377,2021-03-09
1884722857,2021-03-09
1884721960,2021-03-09
1884722508,2021-03-09
1884722905,2021-03-09
1884617379,2021-03-09
1884722939,2021-03-09
1884722721,2021-03-09
1884723051,2021-03-09
1884722726,2021-03-09
1884722053,2021-03-09
1884722626,2021-03-09
1884722466,2021-03-09
1884722063,2021-03-09
1884722021,2021-03-09
1884722325,2021-03-09
1884722453,2021-03-09
1884694528,2021-03-09
1884693267,2021-03-09
1884722924,2021-03-09
1884722397,2021-03-09
1884722188,2021-03-09
1884722206,2021-03-09
1884694550,2021-03-09
1884722266,2021-03-09
1884722046,2021-03-09
1884722072,2021-03-09
1884722511,2021-03-09
1884721978,2021-03-09
1884722247,2021-03-09
1884621887,2021-03-09
1884627992,2021-03-09
1884723008,2021-03-09
1884722177,2021-03-09
1884722973,2021-03-09
1884617050,2021-03-09
1884722818,2021-03-09
1884722695,2021-03-09
1884723012,2021-03-09
1884722708,2021-03-09
1884722207,2021-03-09
1884722753,2021-03-09
1884722362,2021-03-09
1884722621,2021-03-09
1884722460,2021-03-09
1884722719,2021-03-09
1884720430,2021-03-09
1884722131,2021-03-09
1884722912,2021-03-09
1884720427,2021-03-09
1884720426,2021-03-09
1884722304,2021-03-09
1884355035,2021-03-09
1884721925,2021-03-09
1884722617,2021-03-09
1884603950,2021-03-09
1884722954,2021-03-09
1884722875,2021-03-09
1884722280,2021-03-09
1884722274,2021-03-09
1884722723,2021-03-09
1884722846,2021-03-09
1884694545,2021-03-09
1884695913,2021-03-09
1884722566,2021-03-09
1884722568,2021-03-09
1884722562,2021-03-09
1884722501,2021-03-09
1884691192,2021-03-09
1884722909,2021-03-09
1884722981,2021-03-09
1884722975,2021-03-09
1884694496,2021-03-09
1884341411,2021-03-09
1884720863,2021-03-08
1884721402,2021-03-08
1884721409,2021-03-08
1884721646,2021-03-08
1884721491,2021-03-08
1884721462,2021-03-08
1884720429,2021-03-08
1884721372,2021-03-08
1884721803,2021-03-08
1884721444,2021-03-08
1884721824,2021-03-08
1884721720,2021-03-08
1884721528,2021-03-08
1884721794,2021-03-08
1884721177,2021-03-08
1884721090,2021-03-08
1884720884,2021-03-08
1884721835,2021-03-08
1884721557,2021-03-08
1884721252,2021-03-08
1884721821,2021-03-08
1884721130,2021-03-08
1884721163,2021-03-08
1884721034,2021-03-08
1884721614,2021-03-08
1884721841,2021-03-08
1884720870,2021-03-08
1884721810,2021-03-08
1884721414,2021-03-08
1884721183,2021-03-08
1884721388,2021-03-08
1884692098,2021-03-08
1884721272,2021-03-08
1884720911,2021-03-08
1884721360,2021-03-08
1884721106,2021-03-08
1884721581,2021-03-08
1884721367,2021-03-08
1884721227,2021-03-08
1884721833,2021-03-08
1884721021,2021-03-08
1884721834,2021-03-08
1884721654,2021-03-08
1884721433,2021-03-08
1884721828,2021-03-08
1884721844,2021-03-08
1884721817,2021-03-08
1884721435,2021-03-08
1884720801,2021-03-08
1884721105,2021-03-08
1884721120,2021-03-08
1884721008,2021-03-08
1884721562,2021-03-08
1884721777,2021-03-08
1884721198,2021-03-08
1884721825,2021-03-08
1884721735,2021-03-08
1884721725,2021-03-08
1884721798,2021-03-08
1884721615,2021-03-08
1884721469,2021-03-08
1884444534,2021-03-08
1884721541,2021-03-08
1884720713,2021-03-07
1884720360,2021-03-05
1884718989,2021-03-04
1884716389,2021-03-02
1884716158,2021-03-02
1884715414,2021-03-01
1884715784,2021-03-01
1884714990,2021-03-01
1884252879,2021-02-26
1884712998,2021-02-25
1884618919,2021-02-25
1884713215,2021-02-25
1884711846,2021-02-24
1884709569,2021-02-22
1884706986,2021-02-19
1884706048,2021-02-18
1884706458,2021-02-18
1884705668,2021-02-17
1884583711,2021-02-16
1884704396,2021-02-16
1884704137,2021-02-16
1884702120,2021-02-13
1884700375,2021-02-11
1884700363,2021-02-11
1884698842,2021-02-10
1884698956,2021-02-10
1884697360,2021-02-09
1884697048,2021-02-08
1884661859,2021-02-02
1884689330,2021-01-29
1884688194,2021-01-28
1884686185,2021-01-26
1884678414,2021-01-15
1884677408,2021-01-14
1884675843,2021-01-13
1884674162,2021-01-12
1884661247,2020-12-18
1884659278,2020-12-16
1884657757,2020-12-15
1884654943,2020-12-10
1884653745,2020-12-09
1884608458,2020-10-16
1884608438,2020-10-16
